forecast_date,Week,FIPS,quantile,value
2021-08-14,Week1,02,0.025,1455.075
2021-08-14,Week1,02,0.1,1607.1
2021-08-14,Week1,02,0.25,1755.25
2021-08-14,Week1,02,0.5,1924.0
2021-08-14,Week1,02,0.75,2071.25
2021-08-14,Week1,02,0.9,2193.7000000000003
2021-08-14,Week1,02,0.975,2444.4249999999997
2021-08-14,Week2,02,0.025,947.225
2021-08-14,Week2,02,0.1,1078.2
2021-08-14,Week2,02,0.25,1264.75
2021-08-14,Week2,02,0.5,1527.0
2021-08-14,Week2,02,0.75,1832.75
2021-08-14,Week2,02,0.9,2115.2000000000003
2021-08-14,Week2,02,0.975,2429.4749999999995
2021-08-14,Week3,02,0.025,675.425
2021-08-14,Week3,02,0.1,821.2
2021-08-14,Week3,02,0.25,1027.75
2021-08-14,Week3,02,0.5,1280.5
2021-08-14,Week3,02,0.75,1669.25
2021-08-14,Week3,02,0.9,1999.7
2021-08-14,Week3,02,0.975,2495.9249999999993
2021-08-14,Week4,02,0.025,596.075
2021-08-14,Week4,02,0.1,710.2
2021-08-14,Week4,02,0.25,917.75
2021-08-14,Week4,02,0.5,1244.5
2021-08-14,Week4,02,0.75,1669.75
2021-08-14,Week4,02,0.9,2106.1
2021-08-14,Week4,02,0.975,2302.3499999999995
2021-08-14,Week1,04,0.025,17927.15
2021-08-14,Week1,04,0.1,18755.1
2021-08-14,Week1,04,0.25,19729.75
2021-08-14,Week1,04,0.5,20994.0
2021-08-14,Week1,04,0.75,22671.25
2021-08-14,Week1,04,0.9,24730.2
2021-08-14,Week1,04,0.975,26368.024999999998
2021-08-14,Week2,04,0.025,18798.125
2021-08-14,Week2,04,0.1,21240.7
2021-08-14,Week2,04,0.25,23124.5
2021-08-14,Week2,04,0.5,24928.5
2021-08-14,Week2,04,0.75,27419.5
2021-08-14,Week2,04,0.9,31294.5
2021-08-14,Week2,04,0.975,33974.9
2021-08-14,Week3,04,0.025,18668.075
2021-08-14,Week3,04,0.1,21355.8
2021-08-14,Week3,04,0.25,23499.0
2021-08-14,Week3,04,0.5,26508.0
2021-08-14,Week3,04,0.75,31261.5
2021-08-14,Week3,04,0.9,35334.8
2021-08-14,Week3,04,0.975,42409.874999999985
2021-08-14,Week4,04,0.025,16735.3
2021-08-14,Week4,04,0.1,20518.2
2021-08-14,Week4,04,0.25,24086.5
2021-08-14,Week4,04,0.5,27033.0
2021-08-14,Week4,04,0.75,32389.0
2021-08-14,Week4,04,0.9,38570.90000000001
2021-08-14,Week4,04,0.975,41672.65
2021-08-14,Week1,05,0.025,12126.525
2021-08-14,Week1,05,0.1,13833.7
2021-08-14,Week1,05,0.25,14767.75
2021-08-14,Week1,05,0.5,16269.5
2021-08-14,Week1,05,0.75,17929.75
2021-08-14,Week1,05,0.9,19426.0
2021-08-14,Week1,05,0.975,20548.975
2021-08-14,Week2,05,0.025,11897.975
2021-08-14,Week2,05,0.1,13755.2
2021-08-14,Week2,05,0.25,14916.5
2021-08-14,Week2,05,0.5,17004.0
2021-08-14,Week2,05,0.75,18885.0
2021-08-14,Week2,05,0.9,20886.7
2021-08-14,Week2,05,0.975,22624.199999999997
2021-08-14,Week3,05,0.025,12130.975
2021-08-14,Week3,05,0.1,13286.8
2021-08-14,Week3,05,0.25,14906.5
2021-08-14,Week3,05,0.5,17534.5
2021-08-14,Week3,05,0.75,20031.75
2021-08-14,Week3,05,0.9,22401.900000000005
2021-08-14,Week3,05,0.975,24506.84999999999
2021-08-14,Week4,05,0.025,10894.75
2021-08-14,Week4,05,0.1,12741.3
2021-08-14,Week4,05,0.25,14851.75
2021-08-14,Week4,05,0.5,17108.5
2021-08-14,Week4,05,0.75,19773.25
2021-08-14,Week4,05,0.9,22260.5
2021-08-14,Week4,05,0.975,25109.825
2021-08-14,Week1,06,0.025,78991.05
2021-08-14,Week1,06,0.1,83260.5
2021-08-14,Week1,06,0.25,86565.25
2021-08-14,Week1,06,0.5,92946.0
2021-08-14,Week1,06,0.75,99478.25
2021-08-14,Week1,06,0.9,104774.5
2021-08-14,Week1,06,0.975,116052.47499999999
2021-08-14,Week2,06,0.025,62478.425
2021-08-14,Week2,06,0.1,72823.8
2021-08-14,Week2,06,0.25,82256.0
2021-08-14,Week2,06,0.5,99272.0
2021-08-14,Week2,06,0.75,119098.0
2021-08-14,Week2,06,0.9,126985.5
2021-08-14,Week2,06,0.975,146348.84999999998
2021-08-14,Week3,06,0.025,47029.075
2021-08-14,Week3,06,0.1,61260.8
2021-08-14,Week3,06,0.25,72165.25
2021-08-14,Week3,06,0.5,94004.0
2021-08-14,Week3,06,0.75,120763.75
2021-08-14,Week3,06,0.9,138781.30000000005
2021-08-14,Week3,06,0.975,169610.89999999997
2021-08-14,Week4,06,0.025,32458.3
2021-08-14,Week4,06,0.1,54726.0
2021-08-14,Week4,06,0.25,72238.75
2021-08-14,Week4,06,0.5,91252.0
2021-08-14,Week4,06,0.75,129448.25
2021-08-14,Week4,06,0.9,156590.6
2021-08-14,Week4,06,0.975,191603.1499999999
2021-08-14,Week1,08,0.025,5318.25
2021-08-14,Week1,08,0.1,5691.8
2021-08-14,Week1,08,0.25,5997.0
2021-08-14,Week1,08,0.5,6482.5
2021-08-14,Week1,08,0.75,6950.75
2021-08-14,Week1,08,0.9,7318.6
2021-08-14,Week1,08,0.975,7714.224999999999
2021-08-14,Week2,08,0.025,5802.725
2021-08-14,Week2,08,0.1,6812.4
2021-08-14,Week2,08,0.25,7654.5
2021-08-14,Week2,08,0.5,8656.5
2021-08-14,Week2,08,0.75,10053.25
2021-08-14,Week2,08,0.9,11173.6
2021-08-14,Week2,08,0.975,12540.974999999999
2021-08-14,Week3,08,0.025,5878.925
2021-08-14,Week3,08,0.1,7328.5
2021-08-14,Week3,08,0.25,8694.75
2021-08-14,Week3,08,0.5,9976.0
2021-08-14,Week3,08,0.75,11573.25
2021-08-14,Week3,08,0.9,14876.500000000002
2021-08-14,Week3,08,0.975,17286.049999999992
2021-08-14,Week4,08,0.025,6390.5
2021-08-14,Week4,08,0.1,7764.2
2021-08-14,Week4,08,0.25,9400.0
2021-08-14,Week4,08,0.5,11104.5
2021-08-14,Week4,08,0.75,14232.0
2021-08-14,Week4,08,0.9,17753.7
2021-08-14,Week4,08,0.975,21491.82499999999
2021-08-14,Week1,09,0.025,3087.05
2021-08-14,Week1,09,0.1,3348.4
2021-08-14,Week1,09,0.25,3706.25
2021-08-14,Week1,09,0.5,3983.0
2021-08-14,Week1,09,0.75,4319.5
2021-08-14,Week1,09,0.9,4649.7
2021-08-14,Week1,09,0.975,5016.874999999999
2021-08-14,Week2,09,0.025,2735.3
2021-08-14,Week2,09,0.1,3259.5
2021-08-14,Week2,09,0.25,3772.25
2021-08-14,Week2,09,0.5,4393.0
2021-08-14,Week2,09,0.75,4975.75
2021-08-14,Week2,09,0.9,5599.300000000001
2021-08-14,Week2,09,0.975,6239.599999999999
2021-08-14,Week3,09,0.025,2210.575
2021-08-14,Week3,09,0.1,2973.0
2021-08-14,Week3,09,0.25,3608.0
2021-08-14,Week3,09,0.5,4388.0
2021-08-14,Week3,09,0.75,5373.0
2021-08-14,Week3,09,0.9,6737.900000000001
2021-08-14,Week3,09,0.975,7937.474999999994
2021-08-14,Week4,09,0.025,2105.725
2021-08-14,Week4,09,0.1,2779.5
2021-08-14,Week4,09,0.25,3951.5
2021-08-14,Week4,09,0.5,5279.5
2021-08-14,Week4,09,0.75,6400.25
2021-08-14,Week4,09,0.9,7936.300000000006
2021-08-14,Week4,09,0.975,9589.275
2021-08-14,Week1,10,0.025,1445.85
2021-08-14,Week1,10,0.1,1606.1
2021-08-14,Week1,10,0.25,1703.5
2021-08-14,Week1,10,0.5,1802.5
2021-08-14,Week1,10,0.75,1956.0
2021-08-14,Week1,10,0.9,2077.6000000000004
2021-08-14,Week1,10,0.975,2236.1749999999997
2021-08-14,Week2,10,0.025,1325.925
2021-08-14,Week2,10,0.1,1510.7
2021-08-14,Week2,10,0.25,1718.25
2021-08-14,Week2,10,0.5,1966.0
2021-08-14,Week2,10,0.75,2337.75
2021-08-14,Week2,10,0.9,2542.2
2021-08-14,Week2,10,0.975,2889.6499999999996
2021-08-14,Week3,10,0.025,1202.75
2021-08-14,Week3,10,0.1,1593.9
2021-08-14,Week3,10,0.25,1949.75
2021-08-14,Week3,10,0.5,2425.5
2021-08-14,Week3,10,0.75,2881.5
2021-08-14,Week3,10,0.9,3309.2000000000003
2021-08-14,Week3,10,0.975,4074.1749999999993
2021-08-14,Week4,10,0.025,1281.1
2021-08-14,Week4,10,0.1,1775.0
2021-08-14,Week4,10,0.25,2214.25
2021-08-14,Week4,10,0.5,2834.5
2021-08-14,Week4,10,0.75,3480.25
2021-08-14,Week4,10,0.9,4242.0
2021-08-14,Week4,10,0.975,4517.724999999999
2021-08-14,Week1,12,0.025,113245.05
2021-08-14,Week1,12,0.1,121718.4
2021-08-14,Week1,12,0.25,133117.5
2021-08-14,Week1,12,0.5,147614.0
2021-08-14,Week1,12,0.75,162076.25
2021-08-14,Week1,12,0.9,174342.6
2021-08-14,Week1,12,0.975,180752.425
2021-08-14,Week2,12,0.025,109206.475
2021-08-14,Week2,12,0.1,121457.6
2021-08-14,Week2,12,0.25,132014.75
2021-08-14,Week2,12,0.5,150792.5
2021-08-14,Week2,12,0.75,171342.25
2021-08-14,Week2,12,0.9,181626.30000000002
2021-08-14,Week2,12,0.975,207157.4249999999
2021-08-14,Week3,12,0.025,96125.9
2021-08-14,Week3,12,0.1,110980.1
2021-08-14,Week3,12,0.25,132226.75
2021-08-14,Week3,12,0.5,157852.5
2021-08-14,Week3,12,0.75,179691.25
2021-08-14,Week3,12,0.9,196999.30000000002
2021-08-14,Week3,12,0.975,227061.54999999996
2021-08-14,Week4,12,0.025,84967.0
2021-08-14,Week4,12,0.1,113878.3
2021-08-14,Week4,12,0.25,131608.25
2021-08-14,Week4,12,0.5,154178.5
2021-08-14,Week4,12,0.75,179020.75
2021-08-14,Week4,12,0.9,210593.30000000005
2021-08-14,Week4,12,0.975,234985.72499999992
2021-08-14,Week1,13,0.025,37195.875
2021-08-14,Week1,13,0.1,40609.2
2021-08-14,Week1,13,0.25,43471.0
2021-08-14,Week1,13,0.5,49298.5
2021-08-14,Week1,13,0.75,51628.25
2021-08-14,Week1,13,0.9,54973.700000000004
2021-08-14,Week1,13,0.975,58966.12499999999
2021-08-14,Week2,13,0.025,39789.975
2021-08-14,Week2,13,0.1,43289.5
2021-08-14,Week2,13,0.25,47626.0
2021-08-14,Week2,13,0.5,52915.5
2021-08-14,Week2,13,0.75,58012.5
2021-08-14,Week2,13,0.9,62690.00000000001
2021-08-14,Week2,13,0.975,68664.04999999999
2021-08-14,Week3,13,0.025,33512.825
2021-08-14,Week3,13,0.1,38188.4
2021-08-14,Week3,13,0.25,45537.0
2021-08-14,Week3,13,0.5,52550.0
2021-08-14,Week3,13,0.75,58064.25
2021-08-14,Week3,13,0.9,63674.600000000006
2021-08-14,Week3,13,0.975,73589.39999999998
2021-08-14,Week4,13,0.025,30134.775
2021-08-14,Week4,13,0.1,36287.2
2021-08-14,Week4,13,0.25,40383.25
2021-08-14,Week4,13,0.5,47602.0
2021-08-14,Week4,13,0.75,56526.75
2021-08-14,Week4,13,0.9,66859.20000000003
2021-08-14,Week4,13,0.975,75195.49999999999
2021-08-14,Week1,15,0.025,3398.175
2021-08-14,Week1,15,0.1,3708.7
2021-08-14,Week1,15,0.25,3872.25
2021-08-14,Week1,15,0.5,4149.5
2021-08-14,Week1,15,0.75,4485.0
2021-08-14,Week1,15,0.9,4893.500000000001
2021-08-14,Week1,15,0.975,5241.324999999998
2021-08-14,Week2,15,0.025,3372.5
2021-08-14,Week2,15,0.1,3742.3
2021-08-14,Week2,15,0.25,4190.25
2021-08-14,Week2,15,0.5,4702.0
2021-08-14,Week2,15,0.75,5180.75
2021-08-14,Week2,15,0.9,5737.000000000001
2021-08-14,Week2,15,0.975,6094.599999999999
2021-08-14,Week3,15,0.025,2956.075
2021-08-14,Week3,15,0.1,3453.5
2021-08-14,Week3,15,0.25,3946.0
2021-08-14,Week3,15,0.5,4891.0
2021-08-14,Week3,15,0.75,5545.5
2021-08-14,Week3,15,0.9,6545.0
2021-08-14,Week3,15,0.975,7909.174999999998
2021-08-14,Week4,15,0.025,2876.825
2021-08-14,Week4,15,0.1,3586.0
2021-08-14,Week4,15,0.25,4107.0
2021-08-14,Week4,15,0.5,4837.0
2021-08-14,Week4,15,0.75,6089.0
2021-08-14,Week4,15,0.9,7213.900000000002
2021-08-14,Week4,15,0.975,8986.024999999998
2021-08-14,Week1,16,0.025,3342.0
2021-08-14,Week1,16,0.1,3872.6
2021-08-14,Week1,16,0.25,4142.5
2021-08-14,Week1,16,0.5,4459.5
2021-08-14,Week1,16,0.75,4997.25
2021-08-14,Week1,16,0.9,5432.700000000001
2021-08-14,Week1,16,0.975,5818.124999999998
2021-08-14,Week2,16,0.025,3575.15
2021-08-14,Week2,16,0.1,4279.1
2021-08-14,Week2,16,0.25,4815.75
2021-08-14,Week2,16,0.5,5409.0
2021-08-14,Week2,16,0.75,6051.0
2021-08-14,Week2,16,0.9,6796.3
2021-08-14,Week2,16,0.975,7481.074999999997
2021-08-14,Week3,16,0.025,3783.375
2021-08-14,Week3,16,0.1,4681.4
2021-08-14,Week3,16,0.25,5391.75
2021-08-14,Week3,16,0.5,6288.5
2021-08-14,Week3,16,0.75,7186.25
2021-08-14,Week3,16,0.9,8200.2
2021-08-14,Week3,16,0.975,9130.474999999995
2021-08-14,Week4,16,0.025,3935.25
2021-08-14,Week4,16,0.1,4568.8
2021-08-14,Week4,16,0.25,5847.75
2021-08-14,Week4,16,0.5,6947.5
2021-08-14,Week4,16,0.75,8270.25
2021-08-14,Week4,16,0.9,9131.2
2021-08-14,Week4,16,0.975,10200.574999999999
2021-08-14,Week1,17,0.025,18157.75
2021-08-14,Week1,17,0.1,20960.9
2021-08-14,Week1,17,0.25,22942.25
2021-08-14,Week1,17,0.5,25417.0
2021-08-14,Week1,17,0.75,26815.25
2021-08-14,Week1,17,0.9,28409.8
2021-08-14,Week1,17,0.975,30410.374999999993
2021-08-14,Week2,17,0.025,22735.875
2021-08-14,Week2,17,0.1,24032.0
2021-08-14,Week2,17,0.25,26766.5
2021-08-14,Week2,17,0.5,30020.0
2021-08-14,Week2,17,0.75,33691.75
2021-08-14,Week2,17,0.9,38026.80000000001
2021-08-14,Week2,17,0.975,45427.84999999999
2021-08-14,Week3,17,0.025,23066.65
2021-08-14,Week3,17,0.1,27225.1
2021-08-14,Week3,17,0.25,31628.25
2021-08-14,Week3,17,0.5,37650.5
2021-08-14,Week3,17,0.75,43572.0
2021-08-14,Week3,17,0.9,49610.40000000003
2021-08-14,Week3,17,0.975,56920.12499999999
2021-08-14,Week4,17,0.025,25629.95
2021-08-14,Week4,17,0.1,31632.7
2021-08-14,Week4,17,0.25,35723.0
2021-08-14,Week4,17,0.5,43101.5
2021-08-14,Week4,17,0.75,51317.5
2021-08-14,Week4,17,0.9,61994.80000000001
2021-08-14,Week4,17,0.975,73509.24999999999
2021-08-14,Week1,18,0.025,15856.375
2021-08-14,Week1,18,0.1,17032.3
2021-08-14,Week1,18,0.25,17732.75
2021-08-14,Week1,18,0.5,19617.0
2021-08-14,Week1,18,0.75,20613.5
2021-08-14,Week1,18,0.9,21548.7
2021-08-14,Week1,18,0.975,22172.274999999998
2021-08-14,Week2,18,0.025,16017.05
2021-08-14,Week2,18,0.1,19241.7
2021-08-14,Week2,18,0.25,22373.25
2021-08-14,Week2,18,0.5,25515.0
2021-08-14,Week2,18,0.75,27226.75
2021-08-14,Week2,18,0.9,30172.9
2021-08-14,Week2,18,0.975,34503.17499999997
2021-08-14,Week3,18,0.025,19321.525
2021-08-14,Week3,18,0.1,21744.1
2021-08-14,Week3,18,0.25,24682.5
2021-08-14,Week3,18,0.5,28083.5
2021-08-14,Week3,18,0.75,32017.25
2021-08-14,Week3,18,0.9,37447.3
2021-08-14,Week3,18,0.975,41383.649999999994
2021-08-14,Week4,18,0.025,18662.725
2021-08-14,Week4,18,0.1,22838.7
2021-08-14,Week4,18,0.25,25164.25
2021-08-14,Week4,18,0.5,30925.5
2021-08-14,Week4,18,0.75,37233.0
2021-08-14,Week4,18,0.9,44581.600000000006
2021-08-14,Week4,18,0.975,46766.09999999999
2021-08-14,Week1,19,0.025,4984.5
2021-08-14,Week1,19,0.1,5399.1
2021-08-14,Week1,19,0.25,5679.0
2021-08-14,Week1,19,0.5,6262.0
2021-08-14,Week1,19,0.75,6704.5
2021-08-14,Week1,19,0.9,6985.000000000001
2021-08-14,Week1,19,0.975,7583.749999999999
2021-08-14,Week2,19,0.025,5521.85
2021-08-14,Week2,19,0.1,6101.3
2021-08-14,Week2,19,0.25,6557.5
2021-08-14,Week2,19,0.5,7271.5
2021-08-14,Week2,19,0.75,7951.5
2021-08-14,Week2,19,0.9,8515.9
2021-08-14,Week2,19,0.975,9441.274999999998
2021-08-14,Week3,19,0.025,5614.525
2021-08-14,Week3,19,0.1,5995.8
2021-08-14,Week3,19,0.25,6939.75
2021-08-14,Week3,19,0.5,7932.5
2021-08-14,Week3,19,0.75,9267.5
2021-08-14,Week3,19,0.9,10473.9
2021-08-14,Week3,19,0.975,11307.274999999998
2021-08-14,Week4,19,0.025,5250.25
2021-08-14,Week4,19,0.1,6481.8
2021-08-14,Week4,19,0.25,7441.75
2021-08-14,Week4,19,0.5,9217.0
2021-08-14,Week4,19,0.75,10575.25
2021-08-14,Week4,19,0.9,11654.100000000002
2021-08-14,Week4,19,0.975,13903.624999999998
2021-08-14,Week1,20,0.025,7798.45
2021-08-14,Week1,20,0.1,8321.7
2021-08-14,Week1,20,0.25,9004.75
2021-08-14,Week1,20,0.5,9631.0
2021-08-14,Week1,20,0.75,10252.75
2021-08-14,Week1,20,0.9,10934.7
2021-08-14,Week1,20,0.975,11635.974999999995
2021-08-14,Week2,20,0.025,7202.825
2021-08-14,Week2,20,0.1,8312.0
2021-08-14,Week2,20,0.25,9039.0
2021-08-14,Week2,20,0.5,10439.0
2021-08-14,Week2,20,0.75,11499.25
2021-08-14,Week2,20,0.9,12547.400000000001
2021-08-14,Week2,20,0.975,13663.349999999999
2021-08-14,Week3,20,0.025,6912.675
2021-08-14,Week3,20,0.1,7830.3
2021-08-14,Week3,20,0.25,9586.5
2021-08-14,Week3,20,0.5,11259.0
2021-08-14,Week3,20,0.75,13048.0
2021-08-14,Week3,20,0.9,14760.800000000001
2021-08-14,Week3,20,0.975,16387.374999999996
2021-08-14,Week4,20,0.025,6785.775
2021-08-14,Week4,20,0.1,8588.8
2021-08-14,Week4,20,0.25,10113.5
2021-08-14,Week4,20,0.5,12257.0
2021-08-14,Week4,20,0.75,15215.5
2021-08-14,Week4,20,0.9,17266.0
2021-08-14,Week4,20,0.975,19830.649999999994
2021-08-14,Week1,23,0.025,678.425
2021-08-14,Week1,23,0.1,763.3
2021-08-14,Week1,23,0.25,816.0
2021-08-14,Week1,23,0.5,939.0
2021-08-14,Week1,23,0.75,1039.25
2021-08-14,Week1,23,0.9,1172.2
2021-08-14,Week1,23,0.975,1226.6999999999998
2021-08-14,Week2,23,0.025,964.9
2021-08-14,Week2,23,0.1,1145.5
2021-08-14,Week2,23,0.25,1304.5
2021-08-14,Week2,23,0.5,1637.5
2021-08-14,Week2,23,0.75,1899.5
2021-08-14,Week2,23,0.9,2163.2000000000003
2021-08-14,Week2,23,0.975,2543.0
2021-08-14,Week3,23,0.025,1288.75
2021-08-14,Week3,23,0.1,1612.2
2021-08-14,Week3,23,0.25,1994.0
2021-08-14,Week3,23,0.5,2550.5
2021-08-14,Week3,23,0.75,3155.5
2021-08-14,Week3,23,0.9,3596.4
2021-08-14,Week3,23,0.975,4360.199999999998
2021-08-14,Week4,23,0.025,1633.1
2021-08-14,Week4,23,0.1,2148.2
2021-08-14,Week4,23,0.25,2865.0
2021-08-14,Week4,23,0.5,3769.0
2021-08-14,Week4,23,0.75,4792.5
2021-08-14,Week4,23,0.9,5566.8
2021-08-14,Week4,23,0.975,7329.824999999996
2021-08-14,Week1,24,0.025,4921.475
2021-08-14,Week1,24,0.1,5319.9
2021-08-14,Week1,24,0.25,5826.25
2021-08-14,Week1,24,0.5,6400.0
2021-08-14,Week1,24,0.75,6937.5
2021-08-14,Week1,24,0.9,7491.4
2021-08-14,Week1,24,0.975,7812.7
2021-08-14,Week2,24,0.025,4758.025
2021-08-14,Week2,24,0.1,5525.9
2021-08-14,Week2,24,0.25,6623.0
2021-08-14,Week2,24,0.5,7603.0
2021-08-14,Week2,24,0.75,8639.25
2021-08-14,Week2,24,0.9,9735.6
2021-08-14,Week2,24,0.975,10736.174999999997
2021-08-14,Week3,24,0.025,4137.725
2021-08-14,Week3,24,0.1,5666.400000000001
2021-08-14,Week3,24,0.25,6620.0
2021-08-14,Week3,24,0.5,8649.0
2021-08-14,Week3,24,0.75,10717.25
2021-08-14,Week3,24,0.9,12058.000000000002
2021-08-14,Week3,24,0.975,14096.2
2021-08-14,Week4,24,0.025,4213.675
2021-08-14,Week4,24,0.1,5472.3
2021-08-14,Week4,24,0.25,6909.5
2021-08-14,Week4,24,0.5,10137.0
2021-08-14,Week4,24,0.75,12112.0
2021-08-14,Week4,24,0.9,14508.700000000003
2021-08-14,Week4,24,0.975,18093.399999999998
2021-08-14,Week1,25,0.025,6220.475
2021-08-14,Week1,25,0.1,6756.5
2021-08-14,Week1,25,0.25,7324.75
2021-08-14,Week1,25,0.5,7753.5
2021-08-14,Week1,25,0.75,8648.75
2021-08-14,Week1,25,0.9,9096.500000000002
2021-08-14,Week1,25,0.975,9808.899999999998
2021-08-14,Week2,25,0.025,5716.55
2021-08-14,Week2,25,0.1,6301.2
2021-08-14,Week2,25,0.25,7704.25
2021-08-14,Week2,25,0.5,8656.5
2021-08-14,Week2,25,0.75,10164.0
2021-08-14,Week2,25,0.9,11577.6
2021-08-14,Week2,25,0.975,12722.425
2021-08-14,Week3,25,0.025,4966.65
2021-08-14,Week3,25,0.1,6032.1
2021-08-14,Week3,25,0.25,7889.5
2021-08-14,Week3,25,0.5,9616.5
2021-08-14,Week3,25,0.75,12318.0
2021-08-14,Week3,25,0.9,14794.600000000002
2021-08-14,Week3,25,0.975,16910.649999999998
2021-08-14,Week4,25,0.025,4792.3
2021-08-14,Week4,25,0.1,6415.9
2021-08-14,Week4,25,0.25,8475.75
2021-08-14,Week4,25,0.5,11932.5
2021-08-14,Week4,25,0.75,15869.0
2021-08-14,Week4,25,0.9,18867.000000000007
2021-08-14,Week4,25,0.975,21293.174999999996
2021-08-14,Week1,27,0.025,5377.5
2021-08-14,Week1,27,0.1,5943.3
2021-08-14,Week1,27,0.25,6587.5
2021-08-14,Week1,27,0.5,7091.5
2021-08-14,Week1,27,0.75,7693.25
2021-08-14,Week1,27,0.9,8303.500000000002
2021-08-14,Week1,27,0.975,8961.425
2021-08-14,Week2,27,0.025,5466.75
2021-08-14,Week2,27,0.1,6052.4
2021-08-14,Week2,27,0.25,7465.25
2021-08-14,Week2,27,0.5,8321.5
2021-08-14,Week2,27,0.75,9358.0
2021-08-14,Week2,27,0.9,10436.800000000001
2021-08-14,Week2,27,0.975,11975.024999999996
2021-08-14,Week3,27,0.025,5708.05
2021-08-14,Week3,27,0.1,7032.9
2021-08-14,Week3,27,0.25,8350.5
2021-08-14,Week3,27,0.5,9696.5
2021-08-14,Week3,27,0.75,10985.75
2021-08-14,Week3,27,0.9,13593.9
2021-08-14,Week3,27,0.975,15022.074999999999
2021-08-14,Week4,27,0.025,6555.375
2021-08-14,Week4,27,0.1,8450.0
2021-08-14,Week4,27,0.25,9506.0
2021-08-14,Week4,27,0.5,11688.0
2021-08-14,Week4,27,0.75,14309.0
2021-08-14,Week4,27,0.9,17057.600000000002
2021-08-14,Week4,27,0.975,21584.57499999999
2021-08-14,Week1,30,0.025,1737.175
2021-08-14,Week1,30,0.1,1796.1
2021-08-14,Week1,30,0.25,2037.75
2021-08-14,Week1,30,0.5,2179.5
2021-08-14,Week1,30,0.75,2373.25
2021-08-14,Week1,30,0.9,2504.8
2021-08-14,Week1,30,0.975,2669.325
2021-08-14,Week2,30,0.025,1809.6
2021-08-14,Week2,30,0.1,2106.9
2021-08-14,Week2,30,0.25,2277.25
2021-08-14,Week2,30,0.5,2504.0
2021-08-14,Week2,30,0.75,2866.0
2021-08-14,Week2,30,0.9,3211.8
2021-08-14,Week2,30,0.975,3553.775
2021-08-14,Week3,30,0.025,1786.85
2021-08-14,Week3,30,0.1,2160.9
2021-08-14,Week3,30,0.25,2529.75
2021-08-14,Week3,30,0.5,2804.0
2021-08-14,Week3,30,0.75,3298.75
2021-08-14,Week3,30,0.9,4058.5000000000005
2021-08-14,Week3,30,0.975,4600.874999999999
2021-08-14,Week4,30,0.025,2145.7
2021-08-14,Week4,30,0.1,2513.8
2021-08-14,Week4,30,0.25,2757.25
2021-08-14,Week4,30,0.5,3342.5
2021-08-14,Week4,30,0.75,3946.5
2021-08-14,Week4,30,0.9,4443.0
2021-08-14,Week4,30,0.975,5780.625
2021-08-14,Week1,32,0.025,4638.95
2021-08-14,Week1,32,0.1,5238.0
2021-08-14,Week1,32,0.25,5572.0
2021-08-14,Week1,32,0.5,6047.5
2021-08-14,Week1,32,0.75,6352.25
2021-08-14,Week1,32,0.9,6938.500000000001
2021-08-14,Week1,32,0.975,7569.575
2021-08-14,Week2,32,0.025,5057.425
2021-08-14,Week2,32,0.1,5407.0
2021-08-14,Week2,32,0.25,6300.0
2021-08-14,Week2,32,0.5,7061.0
2021-08-14,Week2,32,0.75,7959.25
2021-08-14,Week2,32,0.9,9140.9
2021-08-14,Week2,32,0.975,9619.825
2021-08-14,Week3,32,0.025,4855.475
2021-08-14,Week3,32,0.1,5616.0
2021-08-14,Week3,32,0.25,6522.25
2021-08-14,Week3,32,0.5,8101.0
2021-08-14,Week3,32,0.75,9533.0
2021-08-14,Week3,32,0.9,10571.900000000001
2021-08-14,Week3,32,0.975,12041.899999999992
2021-08-14,Week4,32,0.025,4891.8
2021-08-14,Week4,32,0.1,5967.9
2021-08-14,Week4,32,0.25,6884.0
2021-08-14,Week4,32,0.5,8582.0
2021-08-14,Week4,32,0.75,10033.0
2021-08-14,Week4,32,0.9,11902.5
2021-08-14,Week4,32,0.975,13610.849999999999
2021-08-14,Week1,33,0.025,993.125
2021-08-14,Week1,33,0.1,1045.7
2021-08-14,Week1,33,0.25,1147.75
2021-08-14,Week1,33,0.5,1288.5
2021-08-14,Week1,33,0.75,1391.5
2021-08-14,Week1,33,0.9,1521.5
2021-08-14,Week1,33,0.975,1590.2749999999996
2021-08-14,Week2,33,0.025,1063.925
2021-08-14,Week2,33,0.1,1210.8
2021-08-14,Week2,33,0.25,1369.25
2021-08-14,Week2,33,0.5,1649.5
2021-08-14,Week2,33,0.75,1919.0
2021-08-14,Week2,33,0.9,2132.6000000000004
2021-08-14,Week2,33,0.975,2457.2
2021-08-14,Week3,33,0.025,1104.975
2021-08-14,Week3,33,0.1,1394.4
2021-08-14,Week3,33,0.25,1684.75
2021-08-14,Week3,33,0.5,2001.5
2021-08-14,Week3,33,0.75,2514.5
2021-08-14,Week3,33,0.9,3136.7000000000003
2021-08-14,Week3,33,0.975,3897.4749999999995
2021-08-14,Week4,33,0.025,1330.8
2021-08-14,Week4,33,0.1,1611.0
2021-08-14,Week4,33,0.25,2089.0
2021-08-14,Week4,33,0.5,2637.5
2021-08-14,Week4,33,0.75,3497.5
2021-08-14,Week4,33,0.9,3934.5000000000005
2021-08-14,Week4,33,0.975,4849.899999999999
2021-08-14,Week1,34,0.025,10484.4
2021-08-14,Week1,34,0.1,10794.8
2021-08-14,Week1,34,0.25,12016.5
2021-08-14,Week1,34,0.5,12995.5
2021-08-14,Week1,34,0.75,14046.5
2021-08-14,Week1,34,0.9,14647.800000000001
2021-08-14,Week1,34,0.975,15956.524999999998
2021-08-14,Week2,34,0.025,9880.725
2021-08-14,Week2,34,0.1,11324.9
2021-08-14,Week2,34,0.25,12797.5
2021-08-14,Week2,34,0.5,14609.0
2021-08-14,Week2,34,0.75,17293.25
2021-08-14,Week2,34,0.9,19552.5
2021-08-14,Week2,34,0.975,21726.39999999999
2021-08-14,Week3,34,0.025,9317.575
2021-08-14,Week3,34,0.1,10671.6
2021-08-14,Week3,34,0.25,12815.0
2021-08-14,Week3,34,0.5,15903.5
2021-08-14,Week3,34,0.75,19309.25
2021-08-14,Week3,34,0.9,24555.7
2021-08-14,Week3,34,0.975,28020.224999999988
2021-08-14,Week4,34,0.025,7481.825
2021-08-14,Week4,34,0.1,10020.0
2021-08-14,Week4,34,0.25,13888.25
2021-08-14,Week4,34,0.5,18038.5
2021-08-14,Week4,34,0.75,22478.25
2021-08-14,Week4,34,0.9,29199.0
2021-08-14,Week4,34,0.975,34414.42499999999
2021-08-14,Week1,35,0.025,3713.225
2021-08-14,Week1,35,0.1,4124.0
2021-08-14,Week1,35,0.25,4344.0
2021-08-14,Week1,35,0.5,4677.0
2021-08-14,Week1,35,0.75,4995.25
2021-08-14,Week1,35,0.9,5286.2
2021-08-14,Week1,35,0.975,5686.024999999999
2021-08-14,Week2,35,0.025,4284.2
2021-08-14,Week2,35,0.1,4760.1
2021-08-14,Week2,35,0.25,5411.25
2021-08-14,Week2,35,0.5,5921.0
2021-08-14,Week2,35,0.75,6585.25
2021-08-14,Week2,35,0.9,7205.3
2021-08-14,Week2,35,0.975,7612.775
2021-08-14,Week3,35,0.025,4269.175
2021-08-14,Week3,35,0.1,5009.0
2021-08-14,Week3,35,0.25,5413.0
2021-08-14,Week3,35,0.5,6346.5
2021-08-14,Week3,35,0.75,7493.75
2021-08-14,Week3,35,0.9,8076.5
2021-08-14,Week3,35,0.975,8447.349999999999
2021-08-14,Week4,35,0.025,3512.175
2021-08-14,Week4,35,0.1,4987.5
2021-08-14,Week4,35,0.25,5846.0
2021-08-14,Week4,35,0.5,6902.0
2021-08-14,Week4,35,0.75,7965.0
2021-08-14,Week4,35,0.9,9475.9
2021-08-14,Week4,35,0.975,10804.574999999997
2021-08-14,Week1,36,0.025,23749.95
2021-08-14,Week1,36,0.1,24577.5
2021-08-14,Week1,36,0.25,26247.0
2021-08-14,Week1,36,0.5,28071.5
2021-08-14,Week1,36,0.75,30259.75
2021-08-14,Week1,36,0.9,31986.9
2021-08-14,Week1,36,0.975,33442.0
2021-08-14,Week2,36,0.025,18726.675
2021-08-14,Week2,36,0.1,21146.5
2021-08-14,Week2,36,0.25,23884.5
2021-08-14,Week2,36,0.5,28802.5
2021-08-14,Week2,36,0.75,33636.75
2021-08-14,Week2,36,0.9,37355.00000000001
2021-08-14,Week2,36,0.975,41600.57499999999
2021-08-14,Week3,36,0.025,15009.875
2021-08-14,Week3,36,0.1,19141.7
2021-08-14,Week3,36,0.25,23503.25
2021-08-14,Week3,36,0.5,28497.5
2021-08-14,Week3,36,0.75,36358.0
2021-08-14,Week3,36,0.9,43609.60000000001
2021-08-14,Week3,36,0.975,50651.149999999994
2021-08-14,Week4,36,0.025,13956.15
2021-08-14,Week4,36,0.1,21612.9
2021-08-14,Week4,36,0.25,26102.75
2021-08-14,Week4,36,0.5,33984.0
2021-08-14,Week4,36,0.75,45050.25
2021-08-14,Week4,36,0.9,54767.1
2021-08-14,Week4,36,0.975,63060.149999999994
2021-08-14,Week1,37,0.025,32898.2
2021-08-14,Week1,37,0.1,34678.5
2021-08-14,Week1,37,0.25,36213.5
2021-08-14,Week1,37,0.5,39604.5
2021-08-14,Week1,37,0.75,41947.5
2021-08-14,Week1,37,0.9,44368.3
2021-08-14,Week1,37,0.975,46447.7
2021-08-14,Week2,37,0.025,33935.95
2021-08-14,Week2,37,0.1,37725.5
2021-08-14,Week2,37,0.25,41263.25
2021-08-14,Week2,37,0.5,46310.5
2021-08-14,Week2,37,0.75,50961.75
2021-08-14,Week2,37,0.9,55389.2
2021-08-14,Week2,37,0.975,62848.65
2021-08-14,Week3,37,0.025,34939.55
2021-08-14,Week3,37,0.1,41795.8
2021-08-14,Week3,37,0.25,47190.5
2021-08-14,Week3,37,0.5,53627.0
2021-08-14,Week3,37,0.75,61169.75
2021-08-14,Week3,37,0.9,67001.8
2021-08-14,Week3,37,0.975,74538.22499999999
2021-08-14,Week4,37,0.025,35710.15
2021-08-14,Week4,37,0.1,41170.8
2021-08-14,Week4,37,0.25,48549.25
2021-08-14,Week4,37,0.5,55635.0
2021-08-14,Week4,37,0.75,66918.5
2021-08-14,Week4,37,0.9,81572.5
2021-08-14,Week4,37,0.975,89954.42499999999
2021-08-14,Week1,38,0.025,739.25
2021-08-14,Week1,38,0.1,802.4
2021-08-14,Week1,38,0.25,848.5
2021-08-14,Week1,38,0.5,923.5
2021-08-14,Week1,38,0.75,1001.0
2021-08-14,Week1,38,0.9,1079.1
2021-08-14,Week1,38,0.975,1096.575
2021-08-14,Week2,38,0.025,792.575
2021-08-14,Week2,38,0.1,852.8
2021-08-14,Week2,38,0.25,946.0
2021-08-14,Week2,38,0.5,1053.0
2021-08-14,Week2,38,0.75,1143.5
2021-08-14,Week2,38,0.9,1277.4000000000003
2021-08-14,Week2,38,0.975,1431.3499999999995
2021-08-14,Week3,38,0.025,787.85
2021-08-14,Week3,38,0.1,885.9
2021-08-14,Week3,38,0.25,983.25
2021-08-14,Week3,38,0.5,1159.5
2021-08-14,Week3,38,0.75,1381.25
2021-08-14,Week3,38,0.9,1561.5
2021-08-14,Week3,38,0.975,1722.25
2021-08-14,Week4,38,0.025,736.25
2021-08-14,Week4,38,0.1,866.8
2021-08-14,Week4,38,0.25,974.5
2021-08-14,Week4,38,0.5,1295.0
2021-08-14,Week4,38,0.75,1550.25
2021-08-14,Week4,38,0.9,1809.8000000000006
2021-08-14,Week4,38,0.975,2373.9999999999995
2021-08-14,Week1,41,0.025,10500.575
2021-08-14,Week1,41,0.1,11339.5
2021-08-14,Week1,41,0.25,12289.25
2021-08-14,Week1,41,0.5,13575.0
2021-08-14,Week1,41,0.75,14650.5
2021-08-14,Week1,41,0.9,15667.9
2021-08-14,Week1,41,0.975,16857.399999999998
2021-08-14,Week2,41,0.025,11222.375
2021-08-14,Week2,41,0.1,12549.0
2021-08-14,Week2,41,0.25,14625.0
2021-08-14,Week2,41,0.5,16163.5
2021-08-14,Week2,41,0.75,17691.0
2021-08-14,Week2,41,0.9,19801.6
2021-08-14,Week2,41,0.975,20664.574999999993
2021-08-14,Week3,41,0.025,10902.025
2021-08-14,Week3,41,0.1,12723.4
2021-08-14,Week3,41,0.25,14137.25
2021-08-14,Week3,41,0.5,15301.0
2021-08-14,Week3,41,0.75,17353.5
2021-08-14,Week3,41,0.9,19535.2
2021-08-14,Week3,41,0.975,22525.925
2021-08-14,Week4,41,0.025,10072.35
2021-08-14,Week4,41,0.1,11715.3
2021-08-14,Week4,41,0.25,12988.75
2021-08-14,Week4,41,0.5,14655.0
2021-08-14,Week4,41,0.75,17159.5
2021-08-14,Week4,41,0.9,19916.00000000001
2021-08-14,Week4,41,0.975,23499.175
2021-08-14,Week1,42,0.025,11858.075
2021-08-14,Week1,42,0.1,12731.5
2021-08-14,Week1,42,0.25,13731.0
2021-08-14,Week1,42,0.5,14717.0
2021-08-14,Week1,42,0.75,16104.0
2021-08-14,Week1,42,0.9,16959.6
2021-08-14,Week1,42,0.975,18023.6
2021-08-14,Week2,42,0.025,13125.4
2021-08-14,Week2,42,0.1,15099.3
2021-08-14,Week2,42,0.25,16643.25
2021-08-14,Week2,42,0.5,20009.5
2021-08-14,Week2,42,0.75,22058.75
2021-08-14,Week2,42,0.9,24972.800000000003
2021-08-14,Week2,42,0.975,29186.024999999998
2021-08-14,Week3,42,0.025,13247.85
2021-08-14,Week3,42,0.1,16271.9
2021-08-14,Week3,42,0.25,18431.5
2021-08-14,Week3,42,0.5,25896.0
2021-08-14,Week3,42,0.75,30928.5
2021-08-14,Week3,42,0.9,36451.2
2021-08-14,Week3,42,0.975,39400.799999999996
2021-08-14,Week4,42,0.025,15005.525
2021-08-14,Week4,42,0.1,18233.1
2021-08-14,Week4,42,0.25,21975.5
2021-08-14,Week4,42,0.5,31776.5
2021-08-14,Week4,42,0.75,40074.0
2021-08-14,Week4,42,0.9,48800.3
2021-08-14,Week4,42,0.975,57191.27499999997
2021-08-14,Week1,44,0.025,925.7
2021-08-14,Week1,44,0.1,1022.5
2021-08-14,Week1,44,0.25,1126.75
2021-08-14,Week1,44,0.5,1219.0
2021-08-14,Week1,44,0.75,1354.0
2021-08-14,Week1,44,0.9,1445.8000000000002
2021-08-14,Week1,44,0.975,1608.7749999999992
2021-08-14,Week2,44,0.025,898.575
2021-08-14,Week2,44,0.1,1002.3
2021-08-14,Week2,44,0.25,1146.5
2021-08-14,Week2,44,0.5,1255.0
2021-08-14,Week2,44,0.75,1415.25
2021-08-14,Week2,44,0.9,1715.3
2021-08-14,Week2,44,0.975,2064.1749999999993
2021-08-14,Week3,44,0.025,707.8
2021-08-14,Week3,44,0.1,879.3
2021-08-14,Week3,44,0.25,1029.5
2021-08-14,Week3,44,0.5,1265.0
2021-08-14,Week3,44,0.75,1567.5
2021-08-14,Week3,44,0.9,1835.3000000000002
2021-08-14,Week3,44,0.975,2556.1499999999996
2021-08-14,Week4,44,0.025,621.85
2021-08-14,Week4,44,0.1,852.5
2021-08-14,Week4,44,0.25,1051.25
2021-08-14,Week4,44,0.5,1325.5
2021-08-14,Week4,44,0.75,1761.0
2021-08-14,Week4,44,0.9,2212.1000000000004
2021-08-14,Week4,44,0.975,2886.849999999997
2021-08-14,Week1,46,0.025,559.65
2021-08-14,Week1,46,0.1,658.6
2021-08-14,Week1,46,0.25,753.75
2021-08-14,Week1,46,0.5,834.0
2021-08-14,Week1,46,0.75,904.5
2021-08-14,Week1,46,0.9,989.8000000000001
2021-08-14,Week1,46,0.975,1066.2499999999995
2021-08-14,Week2,46,0.025,984.375
2021-08-14,Week2,46,0.1,1105.4
2021-08-14,Week2,46,0.25,1219.75
2021-08-14,Week2,46,0.5,1488.5
2021-08-14,Week2,46,0.75,1680.25
2021-08-14,Week2,46,0.9,1864.5
2021-08-14,Week2,46,0.975,2183.4749999999995
2021-08-14,Week3,46,0.025,1144.075
2021-08-14,Week3,46,0.1,1442.7
2021-08-14,Week3,46,0.25,1667.5
2021-08-14,Week3,46,0.5,1978.0
2021-08-14,Week3,46,0.75,2434.0
2021-08-14,Week3,46,0.9,2808.7000000000003
2021-08-14,Week3,46,0.975,3375.8499999999995
2021-08-14,Week4,46,0.025,1428.725
2021-08-14,Week4,46,0.1,1689.0
2021-08-14,Week4,46,0.25,1971.0
2021-08-14,Week4,46,0.5,2589.0
2021-08-14,Week4,46,0.75,3126.0
2021-08-14,Week4,46,0.9,3895.2000000000003
2021-08-14,Week4,46,0.975,4171.65
2021-08-14,Week1,48,0.025,89217.8
2021-08-14,Week1,48,0.1,95258.2
2021-08-14,Week1,48,0.25,101293.5
2021-08-14,Week1,48,0.5,110464.0
2021-08-14,Week1,48,0.75,117923.75
2021-08-14,Week1,48,0.9,127028.4
2021-08-14,Week1,48,0.975,134824.29999999996
2021-08-14,Week2,48,0.025,87548.125
2021-08-14,Week2,48,0.1,99672.2
2021-08-14,Week2,48,0.25,110269.25
2021-08-14,Week2,48,0.5,123477.5
2021-08-14,Week2,48,0.75,143757.5
2021-08-14,Week2,48,0.9,158221.7
2021-08-14,Week2,48,0.975,175058.82499999995
2021-08-14,Week3,48,0.025,74265.1
2021-08-14,Week3,48,0.1,89285.5
2021-08-14,Week3,48,0.25,113212.0
2021-08-14,Week3,48,0.5,132916.5
2021-08-14,Week3,48,0.75,159435.75
2021-08-14,Week3,48,0.9,189076.80000000002
2021-08-14,Week3,48,0.975,215332.29999999993
2021-08-14,Week4,48,0.025,69336.225
2021-08-14,Week4,48,0.1,92500.7
2021-08-14,Week4,48,0.25,108911.0
2021-08-14,Week4,48,0.5,127539.5
2021-08-14,Week4,48,0.75,155748.25
2021-08-14,Week4,48,0.9,191813.6
2021-08-14,Week4,48,0.975,215473.84999999992
2021-08-14,Week1,49,0.025,2469.25
2021-08-14,Week1,49,0.1,2850.9
2021-08-14,Week1,49,0.25,3230.0
2021-08-14,Week1,49,0.5,3644.0
2021-08-14,Week1,49,0.75,3959.75
2021-08-14,Week1,49,0.9,4261.900000000001
2021-08-14,Week1,49,0.975,4690.325
2021-08-14,Week2,49,0.025,2748.9
2021-08-14,Week2,49,0.1,3110.0
2021-08-14,Week2,49,0.25,3604.75
2021-08-14,Week2,49,0.5,4261.5
2021-08-14,Week2,49,0.75,4921.75
2021-08-14,Week2,49,0.9,5399.8
2021-08-14,Week2,49,0.975,6632.849999999999
2021-08-14,Week3,49,0.025,2598.925
2021-08-14,Week3,49,0.1,3131.0
2021-08-14,Week3,49,0.25,3672.0
2021-08-14,Week3,49,0.5,4650.0
2021-08-14,Week3,49,0.75,5660.75
2021-08-14,Week3,49,0.9,6310.700000000001
2021-08-14,Week3,49,0.975,7500.899999999994
2021-08-14,Week4,49,0.025,2198.575
2021-08-14,Week4,49,0.1,3223.2
2021-08-14,Week4,49,0.25,3997.75
2021-08-14,Week4,49,0.5,4599.0
2021-08-14,Week4,49,0.75,5894.0
2021-08-14,Week4,49,0.9,7434.100000000003
2021-08-14,Week4,49,0.975,8558.75
2021-08-14,Week1,50,0.025,318.025
2021-08-14,Week1,50,0.1,361.7
2021-08-14,Week1,50,0.25,409.75
2021-08-14,Week1,50,0.5,456.0
2021-08-14,Week1,50,0.75,511.0
2021-08-14,Week1,50,0.9,591.3000000000001
2021-08-14,Week1,50,0.975,644.3499999999999
2021-08-14,Week2,50,0.025,341.475
2021-08-14,Week2,50,0.1,446.8
2021-08-14,Week2,50,0.25,544.75
2021-08-14,Week2,50,0.5,668.0
2021-08-14,Week2,50,0.75,782.5
2021-08-14,Week2,50,0.9,910.9000000000002
2021-08-14,Week2,50,0.975,1145.8249999999996
2021-08-14,Week3,50,0.025,386.75
2021-08-14,Week3,50,0.1,510.5
2021-08-14,Week3,50,0.25,679.75
2021-08-14,Week3,50,0.5,868.5
2021-08-14,Week3,50,0.75,1083.75
2021-08-14,Week3,50,0.9,1316.1000000000001
2021-08-14,Week3,50,0.975,1562.3999999999996
2021-08-14,Week4,50,0.025,419.85
2021-08-14,Week4,50,0.1,589.0
2021-08-14,Week4,50,0.25,773.5
2021-08-14,Week4,50,0.5,1169.5
2021-08-14,Week4,50,0.75,1491.25
2021-08-14,Week4,50,0.9,2049.7000000000003
2021-08-14,Week4,50,0.975,2427.6749999999984
2021-08-14,Week1,51,0.025,12286.0
2021-08-14,Week1,51,0.1,13107.0
2021-08-14,Week1,51,0.25,14034.25
2021-08-14,Week1,51,0.5,15011.0
2021-08-14,Week1,51,0.75,16022.75
2021-08-14,Week1,51,0.9,16799.9
2021-08-14,Week1,51,0.975,17681.149999999998
2021-08-14,Week2,51,0.025,11019.55
2021-08-14,Week2,51,0.1,13420.3
2021-08-14,Week2,51,0.25,15467.25
2021-08-14,Week2,51,0.5,17073.5
2021-08-14,Week2,51,0.75,19103.75
2021-08-14,Week2,51,0.9,20943.5
2021-08-14,Week2,51,0.975,22947.224999999995
2021-08-14,Week3,51,0.025,9685.7
2021-08-14,Week3,51,0.1,13587.7
2021-08-14,Week3,51,0.25,16449.75
2021-08-14,Week3,51,0.5,19316.5
2021-08-14,Week3,51,0.75,22600.75
2021-08-14,Week3,51,0.9,27611.4
2021-08-14,Week3,51,0.975,31738.474999999995
2021-08-14,Week4,51,0.025,9770.55
2021-08-14,Week4,51,0.1,16240.0
2021-08-14,Week4,51,0.25,20142.0
2021-08-14,Week4,51,0.5,23127.0
2021-08-14,Week4,51,0.75,27831.25
2021-08-14,Week4,51,0.9,34043.100000000006
2021-08-14,Week4,51,0.975,37697.024999999994
2021-08-14,Week1,53,0.025,16425.025
2021-08-14,Week1,53,0.1,17102.5
2021-08-14,Week1,53,0.25,17899.25
2021-08-14,Week1,53,0.5,19633.5
2021-08-14,Week1,53,0.75,20771.75
2021-08-14,Week1,53,0.9,22319.3
2021-08-14,Week1,53,0.975,24890.17499999998
2021-08-14,Week2,53,0.025,13075.275
2021-08-14,Week2,53,0.1,14040.7
2021-08-14,Week2,53,0.25,15335.0
2021-08-14,Week2,53,0.5,17476.0
2021-08-14,Week2,53,0.75,19746.25
2021-08-14,Week2,53,0.9,22214.600000000002
2021-08-14,Week2,53,0.975,25218.099999999984
2021-08-14,Week3,53,0.025,10078.575
2021-08-14,Week3,53,0.1,11554.6
2021-08-14,Week3,53,0.25,13243.5
2021-08-14,Week3,53,0.5,15312.5
2021-08-14,Week3,53,0.75,19102.25
2021-08-14,Week3,53,0.9,21837.0
2021-08-14,Week3,53,0.975,25926.52499999998
2021-08-14,Week4,53,0.025,8456.95
2021-08-14,Week4,53,0.1,10092.7
2021-08-14,Week4,53,0.25,12784.25
2021-08-14,Week4,53,0.5,16044.0
2021-08-14,Week4,53,0.75,19846.0
2021-08-14,Week4,53,0.9,23197.800000000003
2021-08-14,Week4,53,0.975,28587.474999999995
2021-08-14,Week1,54,0.025,3013.325
2021-08-14,Week1,54,0.1,3360.6
2021-08-14,Week1,54,0.25,3638.0
2021-08-14,Week1,54,0.5,4143.0
2021-08-14,Week1,54,0.75,4376.25
2021-08-14,Week1,54,0.9,4684.4
2021-08-14,Week1,54,0.975,5021.249999999999
2021-08-14,Week2,54,0.025,3982.7
2021-08-14,Week2,54,0.1,4499.5
2021-08-14,Week2,54,0.25,5140.25
2021-08-14,Week2,54,0.5,5714.5
2021-08-14,Week2,54,0.75,6295.5
2021-08-14,Week2,54,0.9,6904.200000000001
2021-08-14,Week2,54,0.975,7363.049999999999
2021-08-14,Week3,54,0.025,4362.95
2021-08-14,Week3,54,0.1,5581.8
2021-08-14,Week3,54,0.25,6166.5
2021-08-14,Week3,54,0.5,7136.0
2021-08-14,Week3,54,0.75,7922.5
2021-08-14,Week3,54,0.9,9357.7
2021-08-14,Week3,54,0.975,11001.199999999997
2021-08-14,Week4,54,0.025,4682.925
2021-08-14,Week4,54,0.1,6258.3
2021-08-14,Week4,54,0.25,7306.25
2021-08-14,Week4,54,0.5,8472.5
2021-08-14,Week4,54,0.75,9767.5
2021-08-14,Week4,54,0.9,11860.0
2021-08-14,Week4,54,0.975,16229.324999999997
2021-08-14,Week1,55,0.025,9742.9
2021-08-14,Week1,55,0.1,10173.2
2021-08-14,Week1,55,0.25,11083.0
2021-08-14,Week1,55,0.5,12220.0
2021-08-14,Week1,55,0.75,13106.0
2021-08-14,Week1,55,0.9,13953.300000000001
2021-08-14,Week1,55,0.975,15053.55
2021-08-14,Week2,55,0.025,9299.85
2021-08-14,Week2,55,0.1,10465.1
2021-08-14,Week2,55,0.25,11902.25
2021-08-14,Week2,55,0.5,14097.5
2021-08-14,Week2,55,0.75,16105.75
2021-08-14,Week2,55,0.9,17288.2
2021-08-14,Week2,55,0.975,19044.199999999997
2021-08-14,Week3,55,0.025,10142.9
2021-08-14,Week3,55,0.1,11608.7
2021-08-14,Week3,55,0.25,13875.75
2021-08-14,Week3,55,0.5,16580.5
2021-08-14,Week3,55,0.75,18611.25
2021-08-14,Week3,55,0.9,21319.7
2021-08-14,Week3,55,0.975,23523.499999999996
2021-08-14,Week4,55,0.025,10554.275
2021-08-14,Week4,55,0.1,12801.0
2021-08-14,Week4,55,0.25,14772.25
2021-08-14,Week4,55,0.5,18498.0
2021-08-14,Week4,55,0.75,22498.5
2021-08-14,Week4,55,0.9,27055.400000000005
2021-08-14,Week4,55,0.975,31587.6
2021-08-14,Week1,56,0.025,1448.4
2021-08-14,Week1,56,0.1,1575.2
2021-08-14,Week1,56,0.25,1732.0
2021-08-14,Week1,56,0.5,1883.5
2021-08-14,Week1,56,0.75,2063.0
2021-08-14,Week1,56,0.9,2201.2
2021-08-14,Week1,56,0.975,2318.2749999999996
2021-08-14,Week2,56,0.025,1535.15
2021-08-14,Week2,56,0.1,1860.7
2021-08-14,Week2,56,0.25,2059.25
2021-08-14,Week2,56,0.5,2355.0
2021-08-14,Week2,56,0.75,2623.25
2021-08-14,Week2,56,0.9,2871.8
2021-08-14,Week2,56,0.975,3028.725
2021-08-14,Week3,56,0.025,1629.9
2021-08-14,Week3,56,0.1,1873.6
2021-08-14,Week3,56,0.25,2145.5
2021-08-14,Week3,56,0.5,2512.0
2021-08-14,Week3,56,0.75,2934.75
2021-08-14,Week3,56,0.9,3445.4
2021-08-14,Week3,56,0.975,3792.349999999999
2021-08-14,Week4,56,0.025,1645.95
2021-08-14,Week4,56,0.1,1842.0
2021-08-14,Week4,56,0.25,2197.5
2021-08-14,Week4,56,0.5,2698.0
2021-08-14,Week4,56,0.75,3114.75
2021-08-14,Week4,56,0.9,3515.6000000000004
2021-08-14,Week4,56,0.975,4089.9999999999986
